tax_id,tax_level,genus_tax_id,name,common_name,category,is_phage,agg_score,max_z_score,nt_z_score,nt_rpm,nt_count,nt_contigs,nt_contig_r,nt_percent_identity,nt_alignment_length,nt_e_value,nt_bg_mean,nt_bg_stdev,nt_bg_mean_mass_normalized,nt_bg_stdev_mass_normalized,nr_z_score,nr_rpm,nr_count,nr_contigs,nr_contig_r,nr_percent_identity,nr_alignment_length,nr_e_value,nr_bg_mean,nr_bg_stdev,nr_bg_mean_mass_normalized,nr_bg_stdev_mass_normalized,species_tax_ids,known_pathogen
2974257,2,2974257,Hoylesella,"",bacteria,false,,,,1617.0763260025874,5,,,95.8752,105.0,10^-52.8023,,,,,,1940.4915912031047,6,,,99.6,41.3333,10^-17.6122,,,,,"[386414, 76123, 28127]",0
386414,1,2974257,Hoylesella timonensis,"",bacteria,false,,,,,,,,,,,,,,,,970.2457956015523,3,,,100.0,41.3333,10^-17.5457,,,,,,0
76123,1,2974257,Hoylesella enoeca,"",bacteria,false,,,,,,,,,,,,,,,,323.41526520051747,1,,,100.0,41.0,10^-18.061,,,,,,0
28127,1,2974257,Hoylesella buccalis,"",bacteria,false,,,,1617.0763260025874,5,,,95.8752,105.0,10^-52.8023,,,,,,646.8305304010349,2,,,98.8,41.5,10^-17.4877,,,,,,0
2974251,2,2974251,Segatella,"",bacteria,false,,,,3880.9831824062094,12,,,97.4846,125.917,10^-68.9215,,,,,,3234.152652005175,10,,,97.6,41.4,10^-17.5833,,,,,[28135],0
28135,1,2974251,Segatella oris,"",bacteria,false,,,,3880.9831824062094,12,,,97.4846,125.917,10^-68.9215,,,,,,3234.152652005175,10,,,97.6,41.4,10^-17.5833,,,,,,0
2944815,2,2944815,Wielerella,"",bacteria,false,,,,,,,,,,,,,,,,323.41526520051747,1,,,100.0,41.0,10^-20.8633,,,,,[2917790],0
2917790,1,2944815,Wielerella bovis,"",bacteria,false,,,,,,,,,,,,,,,,323.41526520051747,1,,,100.0,41.0,10^-20.8633,,,,,,0
2767885,2,2767885,Latilactobacillus,"",bacteria,false,,,,,,,,,,,,,,,,323.41526520051747,1,,,71.8,39.0,10^-7.55129,,,,,[28038],0
28038,1,2767885,Latilactobacillus curvatus,"",bacteria,false,,,,,,,,,,,,,,,,323.41526520051747,1,,,71.8,39.0,10^-7.55129,,,,,,0
2740557,2,2740557,Pauljensenia,"",bacteria,false,,,,,,,,,,,,,,,,646.8305304010349,2,,,88.35,38.5,10^-14.4366,,,,,[3046331],0
3046331,1,2740557,Pauljensenia sp. UMB3104,"",bacteria,false,,,,,,,,,,,,,,,,646.8305304010349,2,,,88.35,38.5,10^-14.4366,,,,,,0
2563783,2,2563783,Anaerolactibacter,"",bacteria,false,,,,,,,,,,,,,,,,323.41526520051747,1,,,100.0,41.0,10^-16.8697,,,,,[2044573],0
2044573,1,2563783,Anaerolactibacter massiliensis,"",bacteria,false,,,,,,,,,,,,,,,,323.41526520051747,1,,,100.0,41.0,10^-16.8697,,,,,,0
2518495,2,2518495,Duncaniella,"",bacteria,false,,,,,,,,,,,,,,,,323.41526520051747,1,,,75.6,41.0,10^-12.9101,,,,,[2518496],0
2518496,1,2518495,Duncaniella sp.,"",bacteria,false,,,,,,,,,,,,,,,,323.41526520051747,1,,,75.6,41.0,10^-12.9101,,,,,,0
2316020,2,2316020,Mediterraneibacter,"",bacteria,false,,,,,,,,,,,,,,,,323.41526520051747,1,,,100.0,41.0,10^-20.2449,,,,,[46228],0
46228,1,2316020,[Ruminococcus] lactaris,"",bacteria,false,,,,,,,,,,,,,,,,323.41526520051747,1,,,100.0,41.0,10^-20.2449,,,,,,0
1870884,2,1870884,Clostridioides,"",bacteria,false,,,,646.8305304010349,2,,,89.01,54.5,10^-15.8408,,,,,,,,,,,,,,,,,"[2770772, 1496]",1
2770772,1,1870884,Clostridioides sp. ES-S-0107-01,"",bacteria,false,,,,323.41526520051747,1,,,92.105,38.0,10^-9.45781,,,,,,,,,,,,,,,,,,0
1496,1,1870884,Clostridioides difficile,"",bacteria,false,,,,323.41526520051747,1,,,85.915,71.0,10^-22.2239,,,,,,,,,,,,,,,,,,1
1649459,2,1649459,Hungatella,"",bacteria,false,,,,323.41526520051747,1,,,91.86,86.0,10^-36.5505,,,,,,,,,,,,,,,,,[154046],0
154046,1,1649459,Hungatella hathewayi,"",bacteria,false,,,,323.41526520051747,1,,,91.86,86.0,10^-36.5505,,,,,,,,,,,,,,,,,,0
1648517,2,1648517,Mesocricetibacter,"",bacteria,false,,,,,,,,,,,,,,,,323.41526520051747,1,,,97.6,41.0,10^-14.9626,,,,,[1521930],0
1521930,1,1648517,Mesocricetibacter intestinalis,"",bacteria,false,,,,,,,,,,,,,,,,323.41526520051747,1,,,97.6,41.0,10^-14.9626,,,,,,0
1506553,2,1506553,Lachnoclostridium,"",bacteria,false,,,,,,,,,,,,,,,,323.41526520051747,1,,,52.4,42.0,10^-3.28651,,,,,[2838633],0
2838633,1,1506553,Candidatus Lachnoclostridium stercoravium,"",bacteria,false,,,,,,,,,,,,,,,,323.41526520051747,1,,,52.4,42.0,10^-3.28651,,,,,,0
1193515,2,1193515,Snodgrassella,"",bacteria,false,,,,,,,,,,,,,,,,323.41526520051747,1,,,100.0,24.0,10^-5.65956,,,,,[1196083],0
1196083,1,1193515,Snodgrassella alvi,"",bacteria,false,,,,,,,,,,,,,,,,323.41526520051747,1,,,100.0,24.0,10^-5.65956,,,,,,0
1161127,2,1161127,Murdochiella,"",bacteria,false,,,,646.8305304010349,2,,,87.51,113.5,10^-45.01,,,,,,,,,,,,,,,,,[1852373],0
1852373,1,1161127,Murdochiella vaginalis,"",bacteria,false,,,,646.8305304010349,2,,,87.51,113.5,10^-45.01,,,,,,,,,,,,,,,,,,0
572511,2,572511,Blautia,"",bacteria,false,,,,646.8305304010349,2,,,86.3175,67.0,10^-20.1976,,,,,,,,,,,,,,,,,"[2479767, 33035]",0
2479767,1,572511,Blautia sp. SC05B48,"",bacteria,false,,,,323.41526520051747,1,,,89.091,55.0,10^-16.8453,,,,,,,,,,,,,,,,,,0
33035,1,572511,Blautia producta,"",bacteria,false,,,,323.41526520051747,1,,,83.544,79.0,10^-23.5499,,,,,,,,,,,,,,,,,,0
543311,2,543311,Parvimonas,"",bacteria,false,,,,2587.3221216041397,8,,,99.5031,125.875,10^-72.324,,,,,,2587.3221216041397,8,,,99.0875,41.5,10^-16.9552,,,,,[33033],1
33033,1,543311,Parvimonas micra,"",bacteria,false,,,,2587.3221216041397,8,,,99.5031,125.875,10^-72.324,,,,,,2587.3221216041397,8,,,99.0875,41.5,10^-16.9552,,,,,,1
419014,2,419014,Alloscardovia,"",bacteria,false,,,,,,,,,,,,,,,,970.2457956015523,3,,,94.9667,40.0,10^-14.8194,,,,,[419015],0
419015,1,419014,Alloscardovia omnicolens,"",bacteria,false,,,,,,,,,,,,,,,,970.2457956015523,3,,,94.9667,40.0,10^-14.8194,,,,,,0
416916,2,416916,Aggregatibacter,"",bacteria,false,,,,1293.6610608020699,4,,,97.8175,126.0,10^-69.6646,,,,,,1293.6610608020699,4,,,91.75,40.0,10^-13.9114,,,,,"[2866570, 712150, 470564, 739]",0
2866570,1,416916,Aggregatibacter sp. Marseille-P9115,"",bacteria,false,,,,,,,,,,,,,,,,323.41526520051747,1,,,100.0,41.0,10^-16.8539,,,,,,0
712150,1,416916,Aggregatibacter sp. oral taxon 513,"",bacteria,false,,,,,,,,,,,,,,,,323.41526520051747,1,,,100.0,41.0,10^-14.4225,,,,,,0
470564,1,416916,uncultured Aggregatibacter sp.,"",bacteria,false,,,,,,,,,,,,,,,,323.41526520051747,1,,,69.4,36.0,10^-5.34969,,,,,,0
739,1,416916,Aggregatibacter segnis,"",bacteria,false,,,,1293.6610608020699,4,,,97.8175,126.0,10^-69.6646,,,,,,323.41526520051747,1,,,97.6,42.0,10^-19.0195,,,,,,0
334107,2,334107,Conchiformibius,"",bacteria,false,,,,,,,,,,,,,,,,970.2457956015523,3,,,56.7667,37.3333,10^-5.10079,,,,,"[211502, 153493]",0
211502,1,334107,Conchiformibius kuhniae,"",bacteria,false,,,,,,,,,,,,,,,,323.41526520051747,1,,,64.5,31.0,10^-3.28735,,,,,,0
153493,1,334107,Conchiformibius steedae,"",bacteria,false,,,,,,,,,,,,,,,,646.8305304010349,2,,,52.9,40.5,10^-6.00751,,,,,,0
265975,2,265975,Oribacterium,"",bacteria,false,,,,,,,,,,,,,,,,646.8305304010349,2,,,98.8,41.5,10^-18.5971,,,,,[237576],0
237576,1,265975,Oribacterium sinus,"",bacteria,false,,,,,,,,,,,,,,,,646.8305304010349,2,,,98.8,41.5,10^-18.5971,,,,,,0
252356,2,252356,Maribacter,"",bacteria,false,,,,323.41526520051747,1,,,88.889,45.0,10^-11.4429,,,,,,,,,,,,,,,,,[1644130],0
1644130,1,252356,Maribacter sp. 1_2014MBL_MicDiv,"",bacteria,false,,,,323.41526520051747,1,,,88.889,45.0,10^-11.4429,,,,,,,,,,,,,,,,,,0
219181,2,219181,Ottowia,"",bacteria,false,,,,,,,,,,,,,,,,323.41526520051747,1,,,70.7,41.0,10^-6.80688,,,,,[1898956],0
1898956,1,219181,Ottowia sp.,"",bacteria,false,,,,,,,,,,,,,,,,323.41526520051747,1,,,70.7,41.0,10^-6.80688,,,,,,0
212742,2,212742,Morococcus,"",bacteria,false,,,,4527.813712807245,14,,,98.4666,125.786,10^-70.5476,,,,,,3557.567917205692,11,,,97.6636,38.5455,10^-14.9265,,,,,[1056807],0
1056807,1,212742,Morococcus cerebrosus,"",bacteria,false,,,,4527.813712807245,14,,,98.4666,125.786,10^-70.5476,,,,,,3557.567917205692,11,,,97.6636,38.5455,10^-14.9265,,,,,,0
162289,2,162289,Peptoniphilus,"",bacteria,false,,,,,,,,,,,,,,,,646.8305304010349,2,,,98.8,42.0,10^-16.0595,,,,,[33031],0
33031,1,162289,Peptoniphilus lacrimalis,"",bacteria,false,,,,,,,,,,,,,,,,646.8305304010349,2,,,98.8,42.0,10^-16.0595,,,,,,0
150022,2,150022,Finegoldia,"",bacteria,false,,,,,,,,,,,,,,,,970.2457956015523,3,,,87.0,39.6667,10^-14.4577,,,,,[1260],1
1260,1,150022,Finegoldia magna,"",bacteria,false,,,,,,,,,,,,,,,,970.2457956015523,3,,,87.0,39.6667,10^-14.4577,,,,,,1
123375,2,123375,Solobacterium,"",bacteria,false,,,,,,,,,,,,,,,,5498.059508408797,17,,,98.6765,40.0,10^-16.8286,,,,,"[2060878, 747375, 102148]",0
2060878,1,123375,Solobacterium sp.,"",bacteria,false,,,,,,,,,,,,,,,,1617.0763260025874,5,,,100.0,41.4,10^-20.1251,,,,,,0
747375,1,123375,uncultured Solobacterium sp.,"",bacteria,false,,,,,,,,,,,,,,,,323.41526520051747,1,,,100.0,41.0,10^-18.4855,,,,,,0
102148,1,123375,Solobacterium moorei,"",bacteria,false,,,,,,,,,,,,,,,,3557.567917205692,11,,,97.9545,39.2727,10^-15.1796,,,,,,0
82802,2,82802,Trichococcus,"",bacteria,false,,,,,,,,,,,,,,,,323.41526520051747,1,,,90.5,42.0,10^-16.8069,,,,,[82803],0
82803,1,82802,Trichococcus flocculiformis,"",bacteria,false,,,,,,,,,,,,,,,,323.41526520051747,1,,,90.5,42.0,10^-16.8069,,,,,,0
44259,2,44259,Filifactor,"",bacteria,false,,,,646.8305304010349,2,,,100.0,126.0,10^-73.4386,,,,,,646.8305304010349,2,,,100.0,41.0,10^-16.6958,,,,,[143361],0
143361,1,44259,Filifactor alocis,"",bacteria,false,,,,646.8305304010349,2,,,100.0,126.0,10^-73.4386,,,,,,646.8305304010349,2,,,100.0,41.0,10^-16.6958,,,,,,0
43996,2,43996,Catonella,"",bacteria,false,,,,,,,,,,,,,,,,970.2457956015523,3,,,99.2,41.0,10^-18.2326,,,,,"[2799636, 43997]",0
2799636,1,43996,Catonella massiliensis,"",bacteria,false,,,,,,,,,,,,,,,,323.41526520051747,1,,,100.0,41.0,10^-18.9547,,,,,,0
43997,1,43996,Catonella morbi,"",bacteria,false,,,,,,,,,,,,,,,,646.8305304010349,2,,,98.8,41.0,10^-17.8716,,,,,,0
43994,2,43994,Johnsonella,"",bacteria,false,,,,,,,,,,,,,,,,323.41526520051747,1,,,100.0,41.0,10^-16.6271,,,,,[43995],0
43995,1,43994,Johnsonella ignava,"",bacteria,false,,,,,,,,,,,,,,,,323.41526520051747,1,,,100.0,41.0,10^-16.6271,,,,,,0
39948,2,39948,Dialister,"",bacteria,false,,,,1293.6610608020699,4,,,99.603,126.0,10^-72.7525,,,,,,1293.6610608020699,4,,,100.0,41.25,10^-17.283,,,,,[39950],0
39950,1,39948,Dialister pneumosintes,"",bacteria,false,,,,1293.6610608020699,4,,,99.603,126.0,10^-72.7525,,,,,,1293.6610608020699,4,,,100.0,41.25,10^-17.283,,,,,,0
32257,2,32257,Kingella,"",bacteria,false,,,,,,,,,,,,,,,,1293.6610608020699,4,,,100.0,41.5,10^-18.8268,,,,,"[504, 502]",2
504,1,32257,Kingella kingae,"",bacteria,false,,,,,,,,,,,,,,,,323.41526520051747,1,,,100.0,42.0,10^-18.2668,,,,,,1
502,1,32257,Kingella denitrificans,"",bacteria,false,,,,,,,,,,,,,,,,970.2457956015523,3,,,100.0,41.3333,10^-19.0135,,,,,,1
32207,2,32207,Rothia,"",bacteria,false,,,,646.8305304010349,2,,,100.0,104.0,10^-58.4259,,,,,,,,,,,,,,,,,[43675],0
43675,1,32207,Rothia mucilaginosa,"",bacteria,false,,,,646.8305304010349,2,,,100.0,104.0,10^-58.4259,,,,,,,,,,,,,,,,,,0
32008,2,32008,Burkholderia,"",bacteria,false,,,,,,,,,,,,,,,,323.41526520051747,1,,,80.5,41.0,10^-14.5317,,,,,[488447],0
488447,1,32008,Burkholderia contaminans,"",bacteria,false,,,,,,,,,,,,,,,,323.41526520051747,1,,,80.5,41.0,10^-14.5317,,,,,,0
29465,2,29465,Veillonella,"",bacteria,false,,,,,,,,,,,,,,,,323.41526520051747,1,,,100.0,42.0,10^-20.7825,,,,,[29466],0
29466,1,29465,Veillonella parvula,"",bacteria,false,,,,,,,,,,,,,,,,323.41526520051747,1,,,100.0,42.0,10^-20.7825,,,,,,0
13426,2,13426,Cichorium,"",eukaryota,false,,,,,,,,,,,,,,,,323.41526520051747,1,,,88.9,36.0,10^-12.9318,,,,,[114280],0
114280,1,13426,Cichorium endivia,"",eukaryota,false,,,,,,,,,,,,,,,,323.41526520051747,1,,,88.9,36.0,10^-12.9318,,,,,,0
1763,2,1763,Mycobacterium,"",bacteria,false,,,,,,,,,,,,,,,,1293.6610608020699,4,,,91.475,41.0,10^-20.0089,,,,,[1773],1
1773,1,1763,Mycobacterium tuberculosis,"",bacteria,false,,,,,,,,,,,,,,,,1293.6610608020699,4,,,91.475,41.0,10^-20.0089,,,,,,1
1716,2,1716,Corynebacterium,"",bacteria,false,,,,12613.195342820181,39,,,99.0393,121.077,10^-68.4258,,,,,,13260.025873221217,41,,,98.5268,39.2683,10^-15.9173,,,,,"[3050189, 2968468, 2715676, 2594913, 2044580, 2022658, 1881619, 1739424, 1739361, 1739291, 1231000, 1078764, 159447, 43765, 38289]",0
3050189,1,1716,Corynebacterium sp. MSK012,"",bacteria,false,,,,,,,,,,,,,,,,323.41526520051747,1,,,100.0,42.0,10^-16.1871,,,,,,0
2968468,1,1716,Corynebacterium sp. 5QC2CO,"",bacteria,false,,,,,,,,,,,,,,,,323.41526520051747,1,,,100.0,42.0,10^-18.9747,,,,,,0
2715676,1,1716,Corynebacterium sp. 401_CJEI,"",bacteria,false,,,,,,,,,,,,,,,,323.41526520051747,1,,,97.6,41.0,10^-13.0168,,,,,,0
2594913,1,1716,Corynebacterium sanguinis,"",bacteria,false,,,,,,,,,,,,,,,,323.41526520051747,1,,,100.0,42.0,10^-15.8928,,,,,,0
2044580,1,1716,Corynebacterium sp. LK27,"",bacteria,false,,,,,,,,,,,,,,,,323.41526520051747,1,,,90.3,31.0,10^-7.84164,,,,,,0
2022658,1,1716,Corynebacterium sp. LK12,"",bacteria,false,,,,,,,,,,,,,,,,646.8305304010349,2,,,100.0,32.0,10^-11.6391,,,,,,0
1881619,1,1716,Corynebacterium sp. S1S1,"",bacteria,false,,,,,,,,,,,,,,,,323.41526520051747,1,,,94.6,37.0,10^-9.21538,,,,,,0
1739424,1,1716,Corynebacterium sp. HMSC075F02,"",bacteria,false,,,,,,,,,,,,,,,,323.41526520051747,1,,,91.9,37.0,10^-9.89279,,,,,,0
1739361,1,1716,Corynebacterium sp. HMSC076C10,"",bacteria,false,,,,,,,,,,,,,,,,323.41526520051747,1,,,97.6,42.0,10^-16.0362,,,,,,0
1739291,1,1716,Corynebacterium sp. HMSC061H03,"",bacteria,false,,,,,,,,,,,,,,,,323.41526520051747,1,,,97.6,41.0,10^-16.3188,,,,,,0
1231000,1,1716,Corynebacterium lactis,"",bacteria,false,,,,,,,,,,,,,,,,323.41526520051747,1,,,100.0,41.0,10^-17.5513,,,,,,0
1078764,1,1716,Corynebacterium sp. HFH0082,"",bacteria,false,,,,,,,,,,,,,,,,323.41526520051747,1,,,97.6,42.0,10^-18.4001,,,,,,0
159447,1,1716,uncultured Corynebacterium sp.,"",bacteria,false,,,,,,,,,,,,,,,,646.8305304010349,2,,,97.6,41.5,10^-17.0454,,,,,,0
43765,1,1716,Corynebacterium amycolatum,"",bacteria,false,,,,6144.890038809832,19,,,98.7799,117.158,10^-65.3114,,,,,,7761.966364812419,24,,,99.05,39.2917,10^-16.2569,,,,,,0
38289,1,1716,Corynebacterium jeikeium,"",bacteria,false,,,,6468.30530401035,20,,,99.2857,124.8,10^-71.3844,,,,,,646.8305304010349,2,,,100.0,41.0,10^-22.8733,,,,,,0
1637,2,1637,Listeria,"",bacteria,false,,,,,,,,,,,,,,,,1293.6610608020699,4,,,100.0,41.0,10^-20.3616,,,,,[1639],1
1639,1,1637,Listeria monocytogenes,"",bacteria,false,,,,,,,,,,,,,,,,1293.6610608020699,4,,,100.0,41.0,10^-20.3616,,,,,,1
1485,2,1485,Clostridium,"",bacteria,false,,,,323.41526520051747,1,,,87.143,70.0,10^-22.9162,,,,,,,,,,,,,,,,,[1534],0
1534,1,1485,Clostridium kluyveri,"",bacteria,false,,,,323.41526520051747,1,,,87.143,70.0,10^-22.9162,,,,,,,,,,,,,,,,,,0
1378,2,1378,Gemella,"",bacteria,false,,,,8408.796895213454,26,,,95.4068,122.885,10^-63.5539,,,,,,7115.135834411384,22,,,97.8864,40.9545,10^-16.095,,,,,"[254352, 84135, 29391, 1379]",0
254352,1,1378,uncultured Gemella sp.,"",bacteria,false,,,,,,,,,,,,,,,,646.8305304010349,2,,,96.4,41.5,10^-16.6803,,,,,,0
84135,1,1378,Gemella sanguinis,"",bacteria,false,,,,646.8305304010349,2,,,98.8095,126.0,10^-71.3801,,,,,,970.2457956015523,3,,,99.2,40.6667,10^-14.9257,,,,,,0
29391,1,1378,Gemella morbillorum,"",bacteria,false,,,,6468.30530401035,20,,,96.128,121.9,10^-64.1911,,,,,,4851.228978007762,15,,,97.54,40.9333,10^-15.7173,,,,,,0
1379,1,1378,Gemella haemolysans,"",bacteria,false,,,,1293.6610608020699,4,,,90.0995,126.25,10^-56.4547,,,,,,646.8305304010349,2,,,100.0,41.0,10^-20.0966,,,,,,0
1350,2,1350,Enterococcus,"",bacteria,false,,,,1617.0763260025874,5,,,100.0,126.0,10^-73.4386,,,,,,2910.737386804657,9,,,96.2667,39.6667,10^-16.552,,,,,"[53345, 1352, 1351]",2
53345,1,1350,Enterococcus durans,"",bacteria,false,,,,,,,,,,,,,,,,323.41526520051747,1,,,74.4,43.0,10^-7.48812,,,,,,0
1352,1,1350,Enterococcus faecium,"",bacteria,false,,,,646.8305304010349,2,,,100.0,126.0,10^-73.4386,,,,,,2587.3221216041397,8,,,99.0,39.25,10^-17.685,,,,,,1
1351,1,1350,Enterococcus faecalis,"",bacteria,false,,,,970.2457956015523,3,,,100.0,126.0,10^-73.4386,,,,,,,,,,,,,,,,,,1
1301,2,1301,Streptococcus,"",bacteria,false,,,,566946.9598965071,1753,,,98.4456,123.327,10^-68.9022,,,,,,531047.8654592497,1642,,,98.0479,39.3179,10^-16.5791,,,,,"[3046327, 3038077, 3018247, 2972784, 2972783, 2963162, 2963150, 2954240, 2866513, 2828286, 2819619, 2759692, 2725308, 2710759, 2610896, 2598453, 2582689, 2582688, 2582686, 2582684, 2582683, 2582681, 2582679, 2582678, 2582677, 2582674, 2582672, 2582671, 2582667, 2582666, 2582661, 2582660, 2582658, 2582655, 2582654, 2582652, 2582650, 2582649, 2582648, 2582645, 2582644, 2582643, 2582642, 2582637, 2582635, 2582632, 2576376, 2382163, 2283190, 2250596, 2172545, 2069308, 1902136, 1839799, 1739495, 1739488, 1739483, 1739299, 1739265, 1715182, 1433513, 1419814, 1403937, 1169675, 1169672, 1156431, 1095726, 1084196, 936580, 712633, 712630, 712624, 563036, 545210, 439219, 315405, 257758, 113107, 83427, 76860, 68892, 68891, 45634, 28037, 1346, 1338, 1334, 1329, 1328, 1318, 1314, 1313, 1311, 1308, 1307, 1306, 1305, 1304, 1303, 1302]",11
3046327,1,1301,Streptococcus sp. UMB1203,"",bacteria,false,,,,,,,,,,,,,,,,323.41526520051747,1,,,90.0,40.0,10^-11.0506,,,,,,0
3038077,1,1301,Streptococcus sp. D7B5,"",bacteria,false,,,,970.2457956015523,3,,,98.377,121.0,10^-67.2813,,,,,,,,,,,,,,,,,,0
3018247,1,1301,Streptococcus sp. SPS1,"",bacteria,false,,,,,,,,,,,,,,,,1940.4915912031047,6,,,92.3833,36.3333,10^-14.5247,,,,,,0
2972784,1,1301,Streptococcus sp. Marseille-Q6470,"",bacteria,false,,,,323.41526520051747,1,,,96.032,126.0,10^-66.5768,,,,,,,,,,,,,,,,,,0
2972783,1,1301,Streptococcus sp. Marseille-Q6488,"",bacteria,false,,,,,,,,,,,,,,,,323.41526520051747,1,,,100.0,41.0,10^-20.1278,,,,,,0
2963162,1,1301,Streptococcus sp. CF10-1,"",bacteria,false,,,,,,,,,,,,,,,,646.8305304010349,2,,,91.5,41.5,10^-13.9387,,,,,,0
2963150,1,1301,Streptococcus sp. CF8-6,"",bacteria,false,,,,,,,,,,,,,,,,323.41526520051747,1,,,100.0,41.0,10^-17.684,,,,,,0
2954240,1,1301,Streptococcus bouchesdurhonensis,"",bacteria,false,,,,,,,,,,,,,,,,323.41526520051747,1,,,100.0,41.0,10^-18.6364,,,,,,0
2866513,1,1301,Streptococcus sp. LPB0406,"",bacteria,false,,,,,,,,,,,,,,,,323.41526520051747,1,,,92.7,41.0,10^-14.7077,,,,,,0
2828286,1,1301,Streptococcus sp. 11-4097,"",bacteria,false,,,,,,,,,,,,,,,,323.41526520051747,1,,,97.6,41.0,10^-18.757,,,,,,0
2819619,1,1301,Streptococcus toyakuensis,"",bacteria,false,,,,10672.703751617077,33,,,97.9175,118.303,10^-64.6998,,,,,,,,,,,,,,,,,,0
2759692,1,1301,Streptococcus sp. Marseille-Q3533,"",bacteria,false,,,,646.8305304010349,2,,,93.5545,120.5,10^-59.3917,,,,,,,,,,,,,,,,,,0
2725308,1,1301,Streptococcus sp. WB01_FAA12,"",bacteria,false,,,,,,,,,,,,,,,,323.41526520051747,1,,,100.0,42.0,10^-15.8928,,,,,,0
2710759,1,1301,Streptococcus sp. ZB199,"",bacteria,false,,,,646.8305304010349,2,,,94.6935,123.5,10^-62.8116,,,,,,,,,,,,,,,,,,0
2610896,1,1301,Streptococcus sp. LPB0220,"",bacteria,false,,,,970.2457956015523,3,,,98.4103,125.667,10^-70.0089,,,,,,,,,,,,,,,,,,0
2598453,1,1301,Streptococcus sp. 116-D4,"",bacteria,false,,,,4851.228978007762,15,,,94.9146,125.867,10^-64.3815,,,,,,,,,,,,,,,,,,0
2582689,1,1301,Streptococcus sp. 2001,"",bacteria,false,,,,,,,,,,,,,,,,1617.0763260025874,5,,,100.0,40.8,10^-17.3408,,,,,,0
2582688,1,1301,Streptococcus sp. 1969,"",bacteria,false,,,,,,,,,,,,,,,,323.41526520051747,1,,,100.0,37.0,10^-14.8794,,,,,,0
2582686,1,1301,Streptococcus sp. 4477,"",bacteria,false,,,,,,,,,,,,,,,,646.8305304010349,2,,,100.0,41.0,10^-16.3205,,,,,,0
2582684,1,1301,Streptococcus sp. 6178,"",bacteria,false,,,,,,,,,,,,,,,,323.41526520051747,1,,,100.0,41.0,10^-17.0516,,,,,,0
2582683,1,1301,Streptococcus sp. 5905,"",bacteria,false,,,,,,,,,,,,,,,,323.41526520051747,1,,,96.6,29.0,10^-10.2314,,,,,,0
2582681,1,1301,Streptococcus sp. 3506,"",bacteria,false,,,,,,,,,,,,,,,,323.41526520051747,1,,,100.0,41.0,10^-19.4056,,,,,,0
2582679,1,1301,Streptococcus sp. 53,"",bacteria,false,,,,,,,,,,,,,,,,323.41526520051747,1,,,92.9,42.0,10^-16.857,,,,,,0
2582678,1,1301,Streptococcus sp. 10824,"",bacteria,false,,,,,,,,,,,,,,,,646.8305304010349,2,,,98.8,41.0,10^-15.3439,,,,,,0
2582677,1,1301,Streptococcus sp. 9903,"",bacteria,false,,,,,,,,,,,,,,,,323.41526520051747,1,,,88.1,42.0,10^-10.5918,,,,,,0
2582674,1,1301,Streptococcus sp. 4272,"",bacteria,false,,,,,,,,,,,,,,,,646.8305304010349,2,,,100.0,41.5,10^-19.3172,,,,,,0
2582672,1,1301,Streptococcus sp. 3764,"",bacteria,false,,,,,,,,,,,,,,,,323.41526520051747,1,,,97.3,37.0,10^-12.5272,,,,,,0
2582671,1,1301,Streptococcus sp. 1559,"",bacteria,false,,,,,,,,,,,,,,,,970.2457956015523,3,,,99.2,41.0,10^-17.4851,,,,,,0
2582667,1,1301,Streptococcus sp. 1055,"",bacteria,false,,,,,,,,,,,,,,,,646.8305304010349,2,,,100.0,42.0,10^-18.8715,,,,,,0
2582666,1,1301,Streptococcus sp. 716,"",bacteria,false,,,,,,,,,,,,,,,,323.41526520051747,1,,,100.0,41.0,10^-19.8894,,,,,,0
2582661,1,1301,Streptococcus sp. 1453,"",bacteria,false,,,,,,,,,,,,,,,,646.8305304010349,2,,,100.0,34.0,10^-12.4771,,,,,,0
2582660,1,1301,Streptococcus sp. 646,"",bacteria,false,,,,,,,,,,,,,,,,323.41526520051747,1,,,100.0,41.0,10^-16.4559,,,,,,0
2582658,1,1301,Streptococcus sp. 1449,"",bacteria,false,,,,,,,,,,,,,,,,323.41526520051747,1,,,100.0,41.0,10^-18.1457,,,,,,0
2582655,1,1301,Streptococcus sp. 959,"",bacteria,false,,,,,,,,,,,,,,,,323.41526520051747,1,,,100.0,39.0,10^-18.1186,,,,,,0
2582654,1,1301,Streptococcus sp. 812,"",bacteria,false,,,,,,,,,,,,,,,,970.2457956015523,3,,,94.0,38.6667,10^-11.6683,,,,,,0
2582652,1,1301,Streptococcus sp. 4094,"",bacteria,false,,,,,,,,,,,,,,,,323.41526520051747,1,,,73.2,41.0,10^-8.07417,,,,,,0
2582650,1,1301,Streptococcus sp. 2154,"",bacteria,false,,,,,,,,,,,,,,,,323.41526520051747,1,,,95.1,41.0,10^-19.1643,,,,,,0
2582649,1,1301,Streptococcus sp. 3167,"",bacteria,false,,,,,,,,,,,,,,,,323.41526520051747,1,,,97.6,41.0,10^-13.2055,,,,,,0
2582648,1,1301,Streptococcus sp. 2579,"",bacteria,false,,,,,,,,,,,,,,,,323.41526520051747,1,,,100.0,29.0,10^-6.11919,,,,,,0
2582645,1,1301,Streptococcus sp. 1013,"",bacteria,false,,,,,,,,,,,,,,,,646.8305304010349,2,,,100.0,40.5,10^-16.534,,,,,,0
2582644,1,1301,Streptococcus sp. 477,"",bacteria,false,,,,,,,,,,,,,,,,646.8305304010349,2,,,100.0,21.5,10^-5.3558,,,,,,0
2582643,1,1301,Streptococcus sp. 339,"",bacteria,false,,,,,,,,,,,,,,,,646.8305304010349,2,,,100.0,42.0,10^-20.581,,,,,,0
2582642,1,1301,Streptococcus sp. 2106,"",bacteria,false,,,,,,,,,,,,,,,,1940.4915912031047,6,,,98.8,41.6667,10^-18.2775,,,,,,0
2582637,1,1301,Streptococcus sp. 68,"",bacteria,false,,,,,,,,,,,,,,,,323.41526520051747,1,,,100.0,21.0,10^-5.34104,,,,,,0
2582635,1,1301,Streptococcus sp. k-628,"",bacteria,false,,,,,,,,,,,,,,,,970.2457956015523,3,,,99.2,41.0,10^-19.3238,,,,,,0
2582632,1,1301,Streptococcus sp. k-378,"",bacteria,false,,,,,,,,,,,,,,,,1940.4915912031047,6,,,100.0,41.5,10^-17.3823,,,,,,0
2576376,1,1301,Streptococcus sp. 1643,"",bacteria,false,,,,1940.4915912031047,6,,,96.531,125.667,10^-67.2641,,,,,,,,,,,,,,,,,,0
2382163,1,1301,Streptococcus koreensis,"",bacteria,false,,,,323.41526520051747,1,,,100.0,126.0,10^-73.4386,,,,,,,,,,,,,,,,,,0
2283190,1,1301,Streptococcus sp. LQJ-218,"",bacteria,false,,,,,,,,,,,,,,,,323.41526520051747,1,,,92.7,41.0,10^-16.767,,,,,,0
2250596,1,1301,Streptococcus sp. 596553,"",bacteria,false,,,,,,,,,,,,,,,,323.41526520051747,1,,,100.0,29.0,10^-6.11919,,,,,,0
2172545,1,1301,Streptococcus halitosis,"",bacteria,false,,,,,,,,,,,,,,,,323.41526520051747,1,,,100.0,41.0,10^-17.5607,,,,,,0
2069308,1,1301,Streptococcus sp. UMB0029,"",bacteria,false,,,,,,,,,,,,,,,,323.41526520051747,1,,,95.1,41.0,10^-16.0164,,,,,,0
1902136,1,1301,Streptococcus sp. NPS 308,"",bacteria,false,,,,1293.6610608020699,4,,,96.0318,126.0,10^-66.5768,,,,,,,,,,,,,,,,,,0
1839799,1,1301,Streptococcus sp. FDAARGOS_192,"",bacteria,false,,,,323.41526520051747,1,,,96.825,126.0,10^-67.9492,,,,,,,,,,,,,,,,,,0
1739495,1,1301,Streptococcus sp. HMSC072D07,"",bacteria,false,,,,,,,,,,,,,,,,323.41526520051747,1,,,100.0,42.0,10^-16.382,,,,,,0
1739488,1,1301,Streptococcus sp. HMSC066E07,"",bacteria,false,,,,,,,,,,,,,,,,646.8305304010349,2,,,98.8,37.5,10^-15.0031,,,,,,0
1739483,1,1301,Streptococcus sp. HMSC078H12,"",bacteria,false,,,,,,,,,,,,,,,,646.8305304010349,2,,,100.0,41.0,10^-18.2146,,,,,,0
1739299,1,1301,Streptococcus sp. HMSC056C01,"",bacteria,false,,,,,,,,,,,,,,,,323.41526520051747,1,,,100.0,41.0,10^-17.6517,,,,,,0
1739265,1,1301,Streptococcus sp. HMSC057E02,"",bacteria,false,,,,,,,,,,,,,,,,970.2457956015523,3,,,100.0,40.0,10^-18.2012,,,,,,0
1715182,1,1301,Streptococcus sp. HMSC074F10,"",bacteria,false,,,,,,,,,,,,,,,,323.41526520051747,1,,,95.1,41.0,10^-18.6946,,,,,,0
1433513,1,1301,Streptococcus gwangjuense,"",bacteria,false,,,,5498.059508408797,17,,,97.3312,125.706,10^-68.6364,,,,,,,,,,,,,,,,,,0
1419814,1,1301,Streptococcus sp. VT 162,"",bacteria,false,,,,323.41526520051747,1,,,98.413,126.0,10^-70.6939,,,,,,,,,,,,,,,,,,0
1403937,1,1301,Streptococcus sp. DORA_10,"",bacteria,false,,,,,,,,,,,,,,,,646.8305304010349,2,,,100.0,41.5,10^-17.284,,,,,,0
1169675,1,1301,Streptococcus sp. GMD6S,"",bacteria,false,,,,,,,,,,,,,,,,646.8305304010349,2,,,97.5,37.0,10^-14.045,,,,,,0
1169672,1,1301,Streptococcus sp. GMD3S,"",bacteria,false,,,,,,,,,,,,,,,,323.41526520051747,1,,,95.1,41.0,10^-18.3799,,,,,,0
1156431,1,1301,Streptococcus ilei,"",bacteria,false,,,,646.8305304010349,2,,,99.603,126.0,10^-72.7525,,,,,,,,,,,,,,,,,,0
1095726,1,1301,Streptococcus sp. SK140,"",bacteria,false,,,,,,,,,,,,,,,,323.41526520051747,1,,,100.0,40.0,10^-17.7033,,,,,,0
1084196,1,1301,Streptococcus sp. MNZ1049,"",bacteria,false,,,,323.41526520051747,1,,,100.0,126.0,10^-73.4386,,,,,,,,,,,,,,,,,,0
936580,1,1301,Streptococcus sp. CM6,"",bacteria,false,,,,,,,,,,,,,,,,323.41526520051747,1,,,100.0,41.0,10^-16.3585,,,,,,0
712633,1,1301,Streptococcus sp. oral taxon 431,"",bacteria,false,,,,323.41526520051747,1,,,90.476,126.0,10^-56.9702,,,,,,323.41526520051747,1,,,97.6,42.0,10^-18.2007,,,,,,0
712630,1,1301,Streptococcus sp. oral taxon 071,"",bacteria,false,,,,,,,,,,,,,,,,970.2457956015523,3,,,87.5667,33.3333,10^-7.07218,,,,,,0
712624,1,1301,Streptococcus sp. oral taxon 064,"",bacteria,false,,,,2910.737386804657,9,,,100.0,126.0,10^-73.4386,,,,,,,,,,,,,,,,,,0
563036,1,1301,Streptococcus sp. C300,"",bacteria,false,,,,,,,,,,,,,,,,323.41526520051747,1,,,88.5,26.0,10^-7.07263,,,,,,0
545210,1,1301,Streptococcus sp. SK597,"",bacteria,false,,,,646.8305304010349,2,,,99.2065,126.0,10^-72.0663,,,,,,,,,,,,,,,,,,0
439219,1,1301,Streptococcus henryi,"",bacteria,false,,,,,,,,,,,,,,,,323.41526520051747,1,,,73.8,42.0,10^-11.4214,,,,,,0
315405,1,1301,Streptococcus gallolyticus,"",bacteria,false,,,,,,,,,,,,,,,,323.41526520051747,1,,,96.8,31.0,10^-11.4425,,,,,,0
257758,1,1301,Streptococcus pseudopneumoniae,"",bacteria,false,,,,174320.8279430789,539,,,99.1781,123.82,10^-70.4773,,,,,,100258.73221216041,310,,,98.9416,40.0097,10^-16.7584,,,,,,0
113107,1,1301,Streptococcus australis,"",bacteria,false,,,,1617.0763260025874,5,,,96.9382,125.0,10^-67.541,,,,,,,,,,,,,,,,,,0
83427,1,1301,uncultured Streptococcus sp.,"",bacteria,false,,,,,,,,,,,,,,,,646.8305304010349,2,,,100.0,41.0,10^-15.8699,,,,,,0
76860,1,1301,Streptococcus constellatus,"",bacteria,false,,,,646.8305304010349,2,,,100.0,126.0,10^-73.4386,,,,,,1617.0763260025874,5,,,98.58,41.6,10^-18.514,,,,,,0
68892,1,1301,Streptococcus infantis,"",bacteria,false,,,,1293.6610608020699,4,,,91.3033,118.25,10^-54.4257,,,,,,1940.4915912031047,6,,,98.1167,36.0,10^-14.0117,,,,,,0
68891,1,1301,Streptococcus peroris,"",bacteria,false,,,,,,,,,,,,,,,,646.8305304010349,2,,,97.6,42.0,10^-16.2312,,,,,,0
45634,1,1301,Streptococcus cristatus,"",bacteria,false,,,,,,,,,,,,,,,,323.41526520051747,1,,,97.6,42.0,10^-19.007,,,,,,0
28037,1,1301,Streptococcus mitis,"",bacteria,false,,,,100905.56274256145,312,,,97.127,122.83,10^-66.3631,,,,,,59831.82406209573,185,,,97.88,39.5189,10^-16.1003,,,,,,1
1346,1,1301,Streptococcus iniae,"",bacteria,false,,,,,,,,,,,,,,,,323.41526520051747,1,,,90.5,42.0,10^-17.752,,,,,,1
1338,1,1301,Streptococcus intermedius,"",bacteria,false,,,,,,,,,,,,,,,,646.8305304010349,2,,,93.9,41.0,10^-17.4296,,,,,,0
1334,1,1301,Streptococcus dysgalactiae,"",bacteria,false,,,,,,,,,,,,,,,,323.41526520051747,1,,,100.0,42.0,10^-21.1337,,,,,,1
1329,1,1301,Streptococcus canis,"",bacteria,false,,,,,,,,,,,,,,,,646.8305304010349,2,,,91.45,41.0,10^-13.6674,,,,,,0
1328,1,1301,Streptococcus anginosus,"",bacteria,false,,,,4204.398447606727,13,,,99.7543,125.769,10^-72.5421,,,,,,1617.0763260025874,5,,,93.56,40.8,10^-14.8607,,,,,,1
1318,1,1301,Streptococcus parasanguinis,"",bacteria,false,,,,2587.3221216041397,8,,,97.5669,121.875,10^-66.3343,,,,,,4527.813712807245,14,,,97.8143,38.6429,10^-15.339,,,,,,0
1314,1,1301,Streptococcus pyogenes,"",bacteria,false,,,,,,,,,,,,,,,,323.41526520051747,1,,,100.0,42.0,10^-23.8633,,,,,,1
1313,1,1301,Streptococcus pneumoniae,"",bacteria,false,,,,154592.49676584735,478,,,98.4656,123.111,10^-68.7662,,,,,,234152.65200517463,724,,,97.9347,39.0856,10^-16.9019,,,,,,1
1311,1,1301,Streptococcus agalactiae,"",bacteria,false,,,,54980.59508408797,170,,,99.6654,123.682,10^-71.1957,,,,,,49805.95084087969,154,,,98.3351,39.5065,10^-16.8673,,,,,,1
1308,1,1301,Streptococcus thermophilus,"",bacteria,false,,,,323.41526520051747,1,,,92.063,126.0,10^-59.7149,,,,,,1940.4915912031047,6,,,96.3333,41.0,10^-16.5888,,,,,,0
1307,1,1301,Streptococcus suis,"",bacteria,false,,,,323.41526520051747,1,,,92.045,88.0,10^-37.9129,,,,,,1940.4915912031047,6,,,96.3833,36.0,10^-14.5982,,,,,,1
1306,1,1301,Streptococcus sp.,"",bacteria,false,,,,,,,,,,,,,,,,2263.9068564036224,7,,,99.3143,39.5714,10^-16.7734,,,,,,0
1305,1,1301,Streptococcus sanguinis,"",bacteria,false,,,,323.41526520051747,1,,,97.059,102.0,10^-52.9449,,,,,,323.41526520051747,1,,,83.8,37.0,10^-10.0137,,,,,,1
1304,1,1301,Streptococcus salivarius,"",bacteria,false,,,,3557.567917205692,11,,,99.6392,125.909,10^-72.628,,,,,,3880.9831824062094,12,,,96.3083,39.1667,10^-15.8264,,,,,,0
1303,1,1301,Streptococcus oralis,"",bacteria,false,,,,33635.18758085382,104,,,97.896,122.962,10^-67.6975,,,,,,28783.958602846054,89,,,97.7438,38.3596,10^-15.5748,,,,,,1
1302,1,1301,Streptococcus gordonii,"",bacteria,false,,,,,,,,,,,,,,,,1617.0763260025874,5,,,97.54,40.0,10^-16.3743,,,,,,1
1279,2,1279,Staphylococcus,"",bacteria,false,,,,646.8305304010349,2,,,99.603,126.0,10^-72.7525,,,,,,1940.4915912031047,6,,,97.5833,38.1667,10^-16.8589,,,,,"[1290, 1280]",1
1290,1,1279,Staphylococcus hominis,"",bacteria,false,,,,,,,,,,,,,,,,323.41526520051747,1,,,100.0,41.0,10^-17.0535,,,,,,0
1280,1,1279,Staphylococcus aureus,"",bacteria,false,,,,646.8305304010349,2,,,99.603,126.0,10^-72.7525,,,,,,1617.0763260025874,5,,,97.1,37.6,10^-16.82,,,,,,1
1263,2,1263,Ruminococcus,"",bacteria,false,,,,323.41526520051747,1,,,91.228,57.0,10^-19.5745,,,,,,,,,,,,,,,,,[41978],0
41978,1,1263,Ruminococcus sp.,"",bacteria,false,,,,323.41526520051747,1,,,91.228,57.0,10^-19.5745,,,,,,,,,,,,,,,,,,0
1257,2,1257,Peptostreptococcus,"",bacteria,false,,,,323.41526520051747,1,,,92.063,126.0,10^-59.7149,,,,,,8408.796895213454,26,,,99.0846,38.3846,10^-15.8928,,,,,"[3003601, 341694, 169971, 1262, 1261]",1
3003601,1,1257,Peptostreptococcus sp. CBA3647,"",bacteria,false,,,,323.41526520051747,1,,,92.063,126.0,10^-59.7149,,,,,,,,,,,,,,,,,,0
341694,1,1257,Peptostreptococcus stomatis,"",bacteria,false,,,,,,,,,,,,,,,,646.8305304010349,2,,,98.8,41.0,10^-18.6097,,,,,,0
169971,1,1257,uncultured Peptostreptococcus sp.,"",bacteria,false,,,,,,,,,,,,,,,,323.41526520051747,1,,,100.0,33.0,10^-11.4214,,,,,,0
1262,1,1257,Peptostreptococcus sp.,"",bacteria,false,,,,,,,,,,,,,,,,646.8305304010349,2,,,100.0,38.0,10^-14.8385,,,,,,0
1261,1,1257,Peptostreptococcus anaerobius,"",bacteria,false,,,,,,,,,,,,,,,,6791.720569210866,21,,,98.9809,38.4286,10^-15.9473,,,,,,1
848,2,848,Fusobacterium,"",bacteria,false,,,,3880.9831824062094,12,,,95.5655,125.917,10^-65.605,,,,,,3234.152652005175,10,,,99.04,41.3,10^-15.9018,,,,,"[2663009, 1852365, 712288, 285729, 76859, 76857, 860, 851]",1
2663009,1,848,Fusobacterium pseudoperiodonticum,"",bacteria,false,,,,1940.4915912031047,6,,,96.4283,126.0,10^-67.263,,,,,,323.41526520051747,1,,,97.6,41.0,10^-16.0487,,,,,,0
1852365,1,848,Fusobacterium massiliense,"",bacteria,false,,,,,,,,,,,,,,,,323.41526520051747,1,,,100.0,41.0,10^-12.7986,,,,,,0
712288,1,848,Fusobacterium sp. oral taxon 370,"",bacteria,false,,,,,,,,,,,,,,,,646.8305304010349,2,,,97.6,41.5,10^-13.5331,,,,,,0
285729,1,848,Fusobacterium canifelinum,"",bacteria,false,,,,323.41526520051747,1,,,96.032,126.0,10^-66.5768,,,,,,646.8305304010349,2,,,100.0,41.5,10^-19.387,,,,,,0
76859,1,848,Fusobacterium animalis,"",bacteria,false,,,,323.41526520051747,1,,,92.857,126.0,10^-61.0873,,,,,,323.41526520051747,1,,,100.0,41.0,10^-16.4685,,,,,,0
76857,1,848,Fusobacterium polymorphum,"",bacteria,false,,,,646.8305304010349,2,,,95.616,125.5,10^-64.8631,,,,,,,,,,,,,,,,,,0
860,1,848,Fusobacterium periodonticum,"",bacteria,false,,,,,,,,,,,,,,,,323.41526520051747,1,,,100.0,41.0,10^-15.9136,,,,,,0
851,1,848,Fusobacterium nucleatum,"",bacteria,false,,,,646.8305304010349,2,,,94.0475,126.0,10^-63.1459,,,,,,646.8305304010349,2,,,98.8,41.5,10^-15.9739,,,,,,1
838,2,838,Prevotella,"",bacteria,false,,,,1293.6610608020699,4,,,97.222,126.0,10^-68.6353,,,,,,1617.0763260025874,5,,,83.42,41.2,10^-12.5198,,,,,"[712471, 652721, 28132, 28131, 28129, 28128]",2
712471,1,838,Prevotella sp. oral taxon 475,"",bacteria,false,,,,,,,,,,,,,,,,323.41526520051747,1,,,56.1,41.0,10^-6.2815,,,,,,0
652721,1,838,Prevotella sp. oral taxon 317,"",bacteria,false,,,,,,,,,,,,,,,,323.41526520051747,1,,,61.0,41.0,10^-3.64207,,,,,,0
28132,1,838,Prevotella melaninogenica,"",bacteria,false,,,,,,,,,,,,,,,,323.41526520051747,1,,,100.0,41.0,10^-18.0511,,,,,,1
28131,1,838,Prevotella intermedia,"",bacteria,false,,,,646.8305304010349,2,,,97.619,126.0,10^-69.3215,,,,,,323.41526520051747,1,,,100.0,41.0,10^-14.7799,,,,,,1
28129,1,838,Prevotella denticola,"",bacteria,false,,,,323.41526520051747,1,,,94.444,126.0,10^-63.8321,,,,,,323.41526520051747,1,,,100.0,42.0,10^-19.8447,,,,,,0
28128,1,838,Prevotella corporis,"",bacteria,false,,,,323.41526520051747,1,,,99.206,126.0,10^-72.0663,,,,,,,,,,,,,,,,,,0
836,2,836,Porphyromonas,"",bacteria,false,,,,5174.6442432082795,16,,,96.8457,118.188,10^-62.9671,,,,,,4527.813712807245,14,,,98.8,40.6429,10^-16.7422,,,,,"[1924944, 1262916, 322095, 159274, 28124]",0
1924944,1,836,Porphyromonas sp.,"",bacteria,false,,,,,,,,,,,,,,,,646.8305304010349,2,,,98.8,41.0,10^-21.5037,,,,,,0
1262916,1,836,Porphyromonas sp. CAG:1061,"",bacteria,false,,,,,,,,,,,,,,,,646.8305304010349,2,,,100.0,41.5,10^-15.0061,,,,,,0
322095,1,836,Porphyromonas somerae,"",bacteria,false,,,,3234.152652005175,10,,,96.3056,113.6,10^-59.2227,,,,,,970.2457956015523,3,,,98.3667,41.3333,10^-17.8,,,,,,0
159274,1,836,uncultured Porphyromonas sp.,"",bacteria,false,,,,,,,,,,,,,,,,1293.6610608020699,4,,,97.625,39.0,10^-13.6186,,,,,,0
28124,1,836,Porphyromonas endodontalis,"",bacteria,false,,,,1940.4915912031047,6,,,97.7458,125.833,10^-69.2077,,,,,,970.2457956015523,3,,,100.0,41.3333,10^-17.8325,,,,,,0
724,2,724,Haemophilus,"",bacteria,false,,,,646.8305304010349,2,,,98.016,126.0,10^-70.0077,,,,,,1293.6610608020699,4,,,100.0,41.5,10^-20.2306,,,,,"[3046322, 2582921, 237779, 726]",0
3046322,1,724,Haemophilus sp. UMB1048,"",bacteria,false,,,,,,,,,,,,,,,,323.41526520051747,1,,,100.0,42.0,10^-22.2034,,,,,,0
2582921,1,724,Haemophilus seminalis,"",bacteria,false,,,,646.8305304010349,2,,,98.016,126.0,10^-70.0077,,,,,,,,,,,,,,,,,,0
237779,1,724,uncultured Haemophilus sp.,"",bacteria,false,,,,,,,,,,,,,,,,323.41526520051747,1,,,100.0,42.0,10^-20.8794,,,,,,0
726,1,724,Haemophilus haemolyticus,"",bacteria,false,,,,,,,,,,,,,,,,646.8305304010349,2,,,100.0,41.0,10^-18.9198,,,,,,0
662,2,662,Vibrio,"",bacteria,false,,,,323.41526520051747,1,,,92.308,39.0,10^-10.1327,,,,,,323.41526520051747,1,,,95.2,21.0,10^-5.45967,,,,,"[670, 666]",2
670,1,662,Vibrio parahaemolyticus,"",bacteria,false,,,,323.41526520051747,1,,,92.308,39.0,10^-10.1327,,,,,,,,,,,,,,,,,,1
666,1,662,Vibrio cholerae,"",bacteria,false,,,,,,,,,,,,,,,,323.41526520051747,1,,,95.2,21.0,10^-5.45967,,,,,,1
590,2,590,Salmonella,"",bacteria,false,,,,646.8305304010349,2,,,100.0,115.0,10^-65.9303,,,,,,2263.9068564036224,7,,,98.9714,40.1429,10^-17.7847,,,,,"[263771, 28901]",1
263771,1,590,uncultured Salmonella sp.,"",bacteria,false,,,,,,,,,,,,,,,,323.41526520051747,1,,,100.0,41.0,10^-16.0026,,,,,,0
28901,1,590,Salmonella enterica,"",bacteria,false,,,,646.8305304010349,2,,,100.0,115.0,10^-65.9303,,,,,,1940.4915912031047,6,,,98.8,40.0,10^-18.0818,,,,,,1
583,2,583,Proteus,"",bacteria,false,,,,,,,,,,,,,,,,323.41526520051747,1,,,95.1,41.0,10^-19.3516,,,,,[584],1
584,1,583,Proteus mirabilis,"",bacteria,false,,,,,,,,,,,,,,,,323.41526520051747,1,,,95.1,41.0,10^-19.3516,,,,,,1
570,2,570,Klebsiella,"",bacteria,false,,,,646.8305304010349,2,,,100.0,126.0,10^-73.4386,,,,,,1617.0763260025874,5,,,100.0,41.2,10^-19.4733,,,,,[573],1
573,1,570,Klebsiella pneumoniae,"",bacteria,false,,,,646.8305304010349,2,,,100.0,126.0,10^-73.4386,,,,,,1617.0763260025874,5,,,100.0,41.2,10^-19.4733,,,,,,1
561,2,561,Escherichia,"",bacteria,false,,,,646.8305304010349,2,,,100.0,126.0,10^-73.4386,,,,,,1940.4915912031047,6,,,95.0333,40.0,10^-17.9358,,,,,"[208962, 562]",1
208962,1,561,Escherichia albertii,"",bacteria,false,,,,,,,,,,,,,,,,323.41526520051747,1,,,80.0,40.0,10^-12.6925,,,,,,0
562,1,561,Escherichia coli,"",bacteria,false,,,,646.8305304010349,2,,,100.0,126.0,10^-73.4386,,,,,,1617.0763260025874,5,,,98.04,40.0,10^-18.9844,,,,,,1
547,2,547,Enterobacter,"",bacteria,false,,,,21668.82276843467,67,,,99.5731,124.881,10^-71.8351,,,,,,17141.009055627426,53,,,98.5264,39.3774,10^-16.8381,,,,,"[2747372, 1686392, 539813, 158836, 550]",1
2747372,1,547,Enterobacter sp. DSM 30060,"",bacteria,false,,,,3234.152652005175,10,,,99.2838,122.7,10^-69.8149,,,,,,,,,,,,,,,,,,0
1686392,1,547,Enterobacter sp. MGH120,"",bacteria,false,,,,,,,,,,,,,,,,323.41526520051747,1,,,88.0,25.0,10^-6.1463,,,,,,0
539813,1,547,Enterobacter mori,"",bacteria,false,,,,,,,,,,,,,,,,323.41526520051747,1,,,100.0,41.0,10^-18.3696,,,,,,0
158836,1,547,Enterobacter hormaechei,"",bacteria,false,,,,18434.670116429497,57,,,99.6239,125.263,10^-72.1895,,,,,,15200.517464424322,47,,,98.7489,39.4894,10^-16.9106,,,,,,0
550,1,547,Enterobacter cloacae,"",bacteria,false,,,,,,,,,,,,,,,,1293.6610608020699,4,,,98.175,41.25,10^-18.2772,,,,,,1
538,2,538,Eikenella,"",bacteria,false,,,,,,,,,,,,,,,,2910.737386804657,9,,,100.0,41.5556,10^-18.7516,,,,,[539],1
539,1,538,Eikenella corrodens,"",bacteria,false,,,,,,,,,,,,,,,,2910.737386804657,9,,,100.0,41.5556,10^-18.7516,,,,,,1
482,2,482,Neisseria,"",bacteria,false,,,,180465.71798188874,558,,,99.3061,124.039,10^-70.8195,,,,,,176261.31953428203,545,,,97.7903,39.255,10^-16.0556,,,,,"[2937985, 1871108, 1853278, 1739546, 1739542, 1739527, 1739524, 1739476, 1739440, 1739411, 1739362, 1739348, 1715205, 1715117, 1715079, 1715052, 1715048, 1696094, 1692264, 1608896, 1581124, 1581104, 1581049, 665946, 641148, 326523, 326522, 237778, 192066, 34026, 33053, 28449, 496, 495, 490, 489, 488, 487, 486, 485, 484, 483]",2
2937985,1,482,Neisseria sp. Marseille-Q6792,"",bacteria,false,,,,,,,,,,,,,,,,323.41526520051747,1,,,95.2,42.0,10^-15.3536,,,,,,0
1871108,1,482,Neisseria sp. RH3002v2f,"",bacteria,false,,,,,,,,,,,,,,,,323.41526520051747,1,,,97.6,41.0,10^-17.1739,,,,,,0
1853278,1,482,Neisseria chenwenguii,"",bacteria,false,,,,,,,,,,,,,,,,646.8305304010349,2,,,86.6,41.0,10^-13.2656,,,,,,0
1739546,1,482,Neisseria sp. HMSC071B12,"",bacteria,false,,,,,,,,,,,,,,,,1293.6610608020699,4,,,98.05,40.5,10^-17.6143,,,,,,0
1739542,1,482,Neisseria sp. HMSC065D04,"",bacteria,false,,,,,,,,,,,,,,,,1940.4915912031047,6,,,96.35,41.0,10^-17.4143,,,,,,0
1739527,1,482,Neisseria sp. HMSC070E12,"",bacteria,false,,,,,,,,,,,,,,,,323.41526520051747,1,,,100.0,36.0,10^-14.1355,,,,,,0
1739524,1,482,Neisseria sp. HMSC065C04,"",bacteria,false,,,,,,,,,,,,,,,,323.41526520051747,1,,,100.0,41.0,10^-13.4763,,,,,,0
1739476,1,482,Neisseria sp. HMSC066B07,"",bacteria,false,,,,,,,,,,,,,,,,323.41526520051747,1,,,100.0,42.0,10^-17.3936,,,,,,0
1739440,1,482,Neisseria sp. HMSC064F04,"",bacteria,false,,,,,,,,,,,,,,,,1293.6610608020699,4,,,100.0,41.5,10^-16.4955,,,,,,0
1739411,1,482,Neisseria sp. HMSC055H02,"",bacteria,false,,,,,,,,,,,,,,,,323.41526520051747,1,,,78.0,41.0,10^-12.3536,,,,,,0
1739362,1,482,Neisseria sp. HMSC073B07,"",bacteria,false,,,,,,,,,,,,,,,,323.41526520051747,1,,,100.0,40.0,10^-18.3969,,,,,,0
1739348,1,482,Neisseria sp. HMSC072F04,"",bacteria,false,,,,,,,,,,,,,,,,2910.737386804657,9,,,99.3111,36.3333,10^-14.2632,,,,,,0
1715205,1,482,Neisseria sp. HMSC074B07,"",bacteria,false,,,,,,,,,,,,,,,,1293.6610608020699,4,,,99.4,41.0,10^-16.7917,,,,,,0
1715117,1,482,Neisseria sp. HMSC055F11,"",bacteria,false,,,,,,,,,,,,,,,,970.2457956015523,3,,,100.0,39.3333,10^-16.153,,,,,,0
1715079,1,482,Neisseria sp. HMSC077D05,"",bacteria,false,,,,,,,,,,,,,,,,2910.737386804657,9,,,99.2,41.2222,10^-17.3161,,,,,,0
1715052,1,482,Neisseria sp. HMSC064E01,"",bacteria,false,,,,,,,,,,,,,,,,970.2457956015523,3,,,94.3,41.0,10^-14.1077,,,,,,0
1715048,1,482,Neisseria sp. HMSC059F02,"",bacteria,false,,,,,,,,,,,,,,,,323.41526520051747,1,,,100.0,41.0,10^-16.6271,,,,,,0
1696094,1,482,Neisseria sp. 74A18,"",bacteria,false,,,,,,,,,,,,,,,,323.41526520051747,1,,,92.7,41.0,10^-14.0177,,,,,,0
1692264,1,482,Neisseria sp. 83E34,"",bacteria,false,,,,,,,,,,,,,,,,323.41526520051747,1,,,92.9,42.0,10^-18.3904,,,,,,0
1608896,1,482,Neisseria sp. HMSC70E02,"",bacteria,false,,,,,,,,,,,,,,,,970.2457956015523,3,,,100.0,41.0,10^-17.8402,,,,,,0
1581124,1,482,Neisseria sp. HMSC06F02,"",bacteria,false,,,,,,,,,,,,,,,,4851.228978007762,15,,,95.4267,35.6667,10^-12.7593,,,,,,0
1581104,1,482,Neisseria sp. HMSC15C08,"",bacteria,false,,,,,,,,,,,,,,,,1293.6610608020699,4,,,96.35,41.0,10^-16.7291,,,,,,0
1581049,1,482,Neisseria sp. HMSC03D10,"",bacteria,false,,,,,,,,,,,,,,,,970.2457956015523,3,,,93.6,36.0,10^-13.075,,,,,,0
665946,1,482,Neisseria sp. GT4A_CT1,"",bacteria,false,,,,,,,,,,,,,,,,323.41526520051747,1,,,97.6,41.0,10^-17.3449,,,,,,0
641148,1,482,Neisseria sp. oral taxon 014,"",bacteria,false,,,,323.41526520051747,1,,,97.619,126.0,10^-69.3215,,,,,,970.2457956015523,3,,,94.9333,40.3333,10^-14.7688,,,,,,0
326523,1,482,Neisseria zoodegmatis,"",bacteria,false,,,,646.8305304010349,2,,,97.8875,71.0,10^-33.889,,,,,,,,,,,,,,,,,,0
326522,1,482,Neisseria animaloris,"",bacteria,false,,,,,,,,,,,,,,,,323.41526520051747,1,,,97.6,41.0,10^-20.3036,,,,,,0
237778,1,482,uncultured Neisseria sp.,"",bacteria,false,,,,,,,,,,,,,,,,970.2457956015523,3,,,96.0,41.3333,10^-16.611,,,,,,0
192066,1,482,Neisseria sp.,"",bacteria,false,,,,,,,,,,,,,,,,8408.796895213454,26,,,97.25,39.8462,10^-16.5812,,,,,,0
34026,1,482,Neisseria flava,"",bacteria,false,,,,,,,,,,,,,,,,2587.3221216041397,8,,,97.875,41.25,10^-16.6981,,,,,,0
33053,1,482,Neisseria perflava,"",bacteria,false,,,,,,,,,,,,,,,,323.41526520051747,1,,,100.0,42.0,10^-17.2027,,,,,,0
28449,1,482,Neisseria subflava,"",bacteria,false,,,,646.8305304010349,2,,,93.8015,123.5,10^-61.4392,,,,,,2910.737386804657,9,,,99.1889,41.2222,10^-17.4749,,,,,,0
496,1,482,Neisseria macacae,"",bacteria,false,,,,2910.737386804657,9,,,96.7371,126.0,10^-67.7967,,,,,,970.2457956015523,3,,,91.5,30.6667,10^-10.877,,,,,,0
495,1,482,Neisseria elongata,"",bacteria,false,,,,970.2457956015523,3,,,99.2063,126.0,10^-72.0663,,,,,,3234.152652005175,10,,,97.3,41.4,10^-17.4488,,,,,,0
490,1,482,Neisseria sicca,"",bacteria,false,,,,157826.64941785252,488,,,99.4739,124.316,10^-71.2796,,,,,,77619.66364812419,240,,,98.8288,39.0917,10^-15.9679,,,,,,0
489,1,482,Neisseria polysaccharea,"",bacteria,false,,,,,,,,,,,,,,,,646.8305304010349,2,,,95.25,42.0,10^-15.4872,,,,,,0
488,1,482,Neisseria mucosa,"",bacteria,false,,,,15200.517464424322,47,,,98.5076,122.66,10^-68.5606,,,,,,17464.424320827944,54,,,96.587,39.3148,10^-15.9183,,,,,,0
487,1,482,Neisseria meningitidis,"",bacteria,false,,,,646.8305304010349,2,,,100.0,126.0,10^-73.4386,,,,,,22962.48382923674,71,,,97.3873,39.0845,10^-16.7302,,,,,,1
486,1,482,Neisseria lactamica,"",bacteria,false,,,,970.2457956015523,3,,,96.8253,126.0,10^-67.9492,,,,,,2263.9068564036224,7,,,97.2714,40.2857,10^-17.1829,,,,,,0
485,1,482,Neisseria gonorrhoeae,"",bacteria,false,,,,323.41526520051747,1,,,100.0,126.0,10^-73.4386,,,,,,6144.890038809832,19,,,95.5053,37.8947,10^-15.4213,,,,,,1
484,1,482,Neisseria flavescens,"",bacteria,false,,,,,,,,,,,,,,,,1293.6610608020699,4,,,97.725,38.75,10^-15.7171,,,,,,0
483,1,482,Neisseria cinerea,"",bacteria,false,,,,,,,,,,,,,,,,1293.6610608020699,4,,,96.35,41.25,10^-16.8488,,,,,,0
352,2,352,Azotobacter,"",bacteria,false,,,,,,,,,,,,,,,,323.41526520051747,1,,,73.2,41.0,10^-8.32057,,,,,[353],0
353,1,352,Azotobacter chroococcum,"",bacteria,false,,,,,,,,,,,,,,,,323.41526520051747,1,,,73.2,41.0,10^-8.32057,,,,,,0
157,2,157,Treponema,"",bacteria,false,,,,,,,,,,,,,,,,323.41526520051747,1,,,70.0,30.0,10^-4.37675,,,,,[1643513],0
1643513,1,157,Treponema sp. OMZ 857,"",bacteria,false,,,,,,,,,,,,,,,,323.41526520051747,1,,,70.0,30.0,10^-4.37675,,,,,,0
-200,2,-200,all taxa with neither family nor genus classification,,,false,,,,113518.75808538163,351,,,97.9465,123.097,10^-67.9791,,,,,,105109.96119016818,325,,,96.1514,38.6369,10^-15.3534,,,,,"[2911161, 2832643, 2827680, 2826378, 2825426, 2825277, 2825224, 2558629, 2558622, 2548165, 2548164, 2548163, 2548116, 2044939, 1898207, 1879010, 1852848, 1497953, 710973, 77133, 38018, -100]",0
2911161,1,-200,Streptococcus phage MissG2,"",viruses,true,,,,323.41526520051747,1,,,99.206,126.0,10^-72.0663,,,,,,,,,,,,,,,,,,0
2832643,1,-200,Caudoviricetes sp.,"",viruses,false,,,,103816.30012936611,321,,,97.9734,123.262,10^-68.1252,,,,,,79883.57050452782,247,,,96.8725,38.8381,10^-15.5996,,,,,,0
2827680,1,-200,Myoviridae sp. ctLYp5,"",viruses,false,,,,323.41526520051747,1,,,100.0,61.0,10^-29.1516,,,,,,,,,,,,,,,,,,0
2826378,1,-200,Siphoviridae sp. ctYgF8,"",viruses,false,,,,,,,,,,,,,,,,323.41526520051747,1,,,96.9,32.0,10^-12.3107,,,,,,0
2825426,1,-200,Siphoviridae sp. ctHzJ4,"",viruses,false,,,,646.8305304010349,2,,,98.016,125.5,10^-68.9802,,,,,,,,,,,,,,,,,,0
2825277,1,-200,Podoviridae sp. ctpWp23,"",viruses,false,,,,323.41526520051747,1,,,92.063,126.0,10^-59.7149,,,,,,,,,,,,,,,,,,0
2825224,1,-200,Podoviridae sp. ct8mF2,"",viruses,false,,,,,,,,,,,,,,,,323.41526520051747,1,,,100.0,42.0,10^-17.983,,,,,,0
2558629,1,-200,Streptococcus satellite phage Javan313,"",viruses,true,,,,646.8305304010349,2,,,97.222,126.0,10^-68.6353,,,,,,,,,,,,,,,,,,0
2558622,1,-200,Streptococcus satellite phage Javan302,"",viruses,true,,,,323.41526520051747,1,,,95.238,126.0,10^-65.2044,,,,,,,,,,,,,,,,,,0
2548165,1,-200,Streptococcus phage Javan436,"",viruses,true,,,,323.41526520051747,1,,,100.0,126.0,10^-73.4386,,,,,,,,,,,,,,,,,,0
2548164,1,-200,Streptococcus phage Javan433,"",viruses,true,,,,2263.9068564036224,7,,,99.8866,126.0,10^-73.2426,,,,,,,,,,,,,,,,,,0
2548163,1,-200,Streptococcus phage Javan427,"",viruses,true,,,,323.41526520051747,1,,,99.206,126.0,10^-72.0663,,,,,,,,,,,,,,,,,,0
2548116,1,-200,Streptococcus phage Javan346,"",viruses,true,,,,323.41526520051747,1,,,97.619,126.0,10^-69.3215,,,,,,,,,,,,,,,,,,0
2044939,1,-200,Clostridia bacterium,"",bacteria,false,,,,,,,,,,,,,,,,646.8305304010349,2,,,79.25,41.0,10^-12.5231,,,,,,0
1898207,1,-200,Clostridiales bacterium,"",bacteria,false,,,,,,,,,,,,,,,,323.41526520051747,1,,,76.2,21.0,10^-3.09205,,,,,,0
1879010,1,-200,Bacillota bacterium,"",bacteria,false,,,,,,,,,,,,,,,,646.8305304010349,2,,,86.6,41.5,10^-12.695,,,,,,0
1852848,1,-200,Candidatus Hydrogenedentes bacterium ADurb.Bin170,"",bacteria,false,,,,,,,,,,,,,,,,323.41526520051747,1,,,87.8,41.0,10^-11.1694,,,,,,0
1497953,1,-200,Bacteroidales bacterium KA00251,"",bacteria,false,,,,,,,,,,,,,,,,323.41526520051747,1,,,90.9,22.0,10^-3.88606,,,,,,0
710973,1,-200,uncultured gamma proteobacterium EB080_L93H08,"",bacteria,false,,,,,,,,,,,,,,,,323.41526520051747,1,,,86.4,22.0,10^-3.67572,,,,,,0
77133,1,-200,uncultured bacterium,"",bacteria,false,,,,,,,,,,,,,,,,323.41526520051747,1,,,95.2,42.0,10^-21.5528,,,,,,0
38018,1,-200,Bacteriophage sp.,"",viruses,true,,,,3880.9831824062094,12,,,96.3935,119.833,10^-63.6319,,,,,,2263.9068564036224,7,,,96.0571,35.7143,10^-15.04,,,,,,0
-100,1,-200,all taxa with neither family nor genus classification,,,false,,,,,,,,,,,,,,,,19404.915912031047,60,,,94.7367,38.7833,10^-15.1227,,,,,,0
-200001653,2,-200001653,non-genus-specific reads in family Corynebacteriaceae,,bacteria,false,,,,1617.0763260025874,5,,,99.3652,126.0,10^-72.3407,,,,,,,,,,,,,,,,,[1164002],0
1164002,1,-200001653,Corynebacteriaceae bacterium 'ARUP UnID 227',"",bacteria,false,,,,1617.0763260025874,5,,,99.3652,126.0,10^-72.3407,,,,,,,,,,,,,,,,,,0
-200010860,2,-200010860,non-genus-specific reads in family Inoviridae,,viruses,false,,,,,,,,,,,,,,,,646.8305304010349,2,,,100.0,32.0,10^-10.9706,,,,,[2219103],0
2219103,1,-200010860,Inoviridae sp.,"",viruses,true,,,,,,,,,,,,,,,,646.8305304010349,2,,,100.0,32.0,10^-10.9706,,,,,,0
-200031977,2,-200031977,non-genus-specific reads in family Veillonellaceae,,bacteria,false,,,,,,,,,,,,,,,,323.41526520051747,1,,,100.0,41.0,10^-18.6536,,,,,[2093855],0
2093855,1,-200031977,Veillonellaceae bacterium M2-8,"",bacteria,false,,,,,,,,,,,,,,,,323.41526520051747,1,,,100.0,41.0,10^-18.6536,,,,,,0
-200171552,2,-200171552,non-genus-specific reads in family Prevotellaceae,,bacteria,false,,,,,,,,,,,,,,,,970.2457956015523,3,,,99.2,35.3333,10^-12.2339,,,,,[2049047],0
2049047,1,-200171552,Prevotellaceae bacterium,"",bacteria,false,,,,,,,,,,,,,,,,970.2457956015523,3,,,99.2,35.3333,10^-12.2339,,,,,,0
-200186803,2,-200186803,non-genus-specific reads in family Lachnospiraceae,,bacteria,false,,,,,,,,,,,,,,,,970.2457956015523,3,,,89.4333,41.3333,10^-12.8513,,,,,"[1898203, 712991]",0
1898203,1,-200186803,Lachnospiraceae bacterium,"",bacteria,false,,,,,,,,,,,,,,,,646.8305304010349,2,,,84.15,41.0,10^-9.764,,,,,,0
712991,1,-200186803,Lachnospiraceae bacterium oral taxon 500,"",bacteria,false,,,,,,,,,,,,,,,,323.41526520051747,1,,,100.0,42.0,10^-19.0259,,,,,,0
-200216572,2,-200216572,non-genus-specific reads in family Oscillospiraceae,,bacteria,false,,,,,,,,,,,,,,,,323.41526520051747,1,,,100.0,34.0,10^-14.3516,,,,,[39492],0
39492,1,-200216572,[Eubacterium] siraeum,"",bacteria,false,,,,,,,,,,,,,,,,323.41526520051747,1,,,100.0,34.0,10^-14.3516,,,,,,0
-201643824,2,-201643824,non-genus-specific reads in family Atopobiaceae,,bacteria,false,,,,,,,,,,,,,,,,646.8305304010349,2,,,95.9,36.5,10^-11.5135,,,,,[2485926],0
2485926,1,-201643824,Atopobiaceae bacterium,"",bacteria,false,,,,,,,,,,,,,,,,646.8305304010349,2,,,95.9,36.5,10^-11.5135,,,,,,0
